Employee_Name,EmpID,EmpStatusID,DeptID,PerfScoreID,PayRate,PositionID,Position,State,Zip,DOB,Gender,MaritalDesc,CitizenDesc,TermReason,EmploymentStatus,Department,ManagerName,ManagerID,RecruitmentSource,PerformanceScore,EngagementSurvey,EmpSatisfaction,SpecialProjectsCount,DaysLateLast30
"Brown, Mia",1103024456,1,1,3,28.5,1,Accountant I,MA,1450,11/24/87,F,Married,,N/A - still employed,Active,Admin Offices,Brandon R. LeBlanc,1,,Fully Meets,2.04,2,6,0
"LaRotonda, William  ",1106026572,1,1,3,,1,Accountant I,MA,1460,04/26/84,,Divorced,US Citizen,N/A - still employed,Active,Admin Offices,Brandon R. LeBlanc,1,Website Banner Ads,Fully Meets,5,,4,0
"Steans, Tyrone  ",1302053333,1,1,3,29,1,Accountant I,MA,2703,09-01-1986,M ,Single,US Citizen,N/A - still employed,Active,Admin Offices,Brandon R. LeBlanc,1,Internet Search,Fully Meets,3.9,5,5,0
"Howard, Estelle",1211050782,1,1,3,21.5,2,Administrative Assistant,MA,2170,09/16/85,F,Married,US Citizen,,Terminated for Cause,Admin Offices,Brandon R. LeBlanc,1,Pay Per Click - Google,Fully Meets,,,4,
"Singh, Nan ",1307059817,1,1,3,16.56,2,Administrative Assistant,MA,2330,05/19/88,F,Single,US Citizen,N/A - still employed,Active,Admin Offices,Brandon R. LeBlanc,1,Website Banner Ads,Fully Meets,5,3,5,0
"Smith, Leigh Ann",711007713,5,1,3,20.5,2,Administrative Assistant,MA,1844,06/14/87,F,Married,US Citizen,career change,Voluntarily Terminated,Admin Offices,Brandon R. LeBlanc,1,Diversity Job Fair,Fully Meets,3.8,4,4,
"Bunbury, Jessica",1504073368,5,6,3,55,3,Area Sales Manager,VA,21851,06-01-1964,F,Married,Eligible NonCitizen,Another position,Voluntarily Terminated,Sales,John Smith,17,Social Networks - Facebook Twitter etc,Fully Meets,3.14,5,0,
"Carter, Michelle ",1403065721,1,6,3,55,3,Area Sales Manager,VT,5664,05/15/63,F,Single,US Citizen,N/A - still employed,Active,Sales,John Smith,17,Billboard,Fully Meets,5,5,0,2
"Dietrich, Jenna  ",1408069481,1,6,1,55,3,Area Sales Manager,WA,98052,05/14/87,F,Single,US Citizen,N/A - still employed,Active,Sales,John Smith,17,,PIP,2.3,1,0,0
"Digitale, Alfred",1306059197,1,6,3,56,3,Area Sales Manager,NH,3062,09/14/88,M ,Married,US Citizen,N/A - still employed,Active,Sales,John Smith,17,Pay Per Click - Google,Fully Meets,,,0,0
"Friedman, Gerry",1204032843,1,6,3,55.5,3,Area Sales Manager,NY,10171,02/24/69,M ,Single,,N/A - still employed,Active,Sales,John Smith,17,Diversity Job Fair,Fully Meets,3.65,5,0,0
"Gill, Whitney  ",1302053046,4,6,3,55,3,Area Sales Manager,OH,43050,07-10-1971,F,Widowed,US Citizen,attendance,Terminated for Cause,Sales,John Smith,17,Monster.com,Fully Meets,3.97,4,0,
"Gonzales, Ricardo",1411071481,1,6,3,,3,Area Sales Manager,ID,83706,10-12-1954,M ,Married,US Citizen,N/A - still employed,Active,Sales,John Smith,17,Monster.com,Fully Meets,3.98,3,0,0
"Guilianno, Mike",1001167253,5,6,3,55,3,Area Sales Manager,TN,37129,02-09-1969,,Single,US Citizen,relocation out of area,Voluntarily Terminated,Sales,John Smith,17,Newspager/Magazine,Fully Meets,4.5,5,0,
"Leruth, Giovanni",1412071660,1,6,3,55,3,Area Sales Manager,UT,84111,12/27/88,M ,Separated,US Citizen,N/A - still employed,Active,Sales,John Smith,17,Website Banner Ads,Fully Meets,4.53,3,0,0
"Mullaney, Howard",1306057978,1,6,1,55,3,Area Sales Manager,AL,36006,11-02-1975,M ,Single,US Citizen,N/A - still employed,Active,Sales,John Smith,17,Internet Search,PIP,1.93,3,0,0
"Ozark, Travis",812011761,1,6,3,55,3,Area Sales Manager,NC,27229,05/19/82,M ,Single,US Citizen,N/A - still employed,Active,Sales,John Smith,17,,Fully Meets,5,,0,0
"Strong, Caitrin",1411071295,1,6,3,54,3,Area Sales Manager,MT,59102,05-12-1989,F,Married,US Citizen,N/A - still employed,Active,Sales,John Smith,17,Professional Society,Fully Meets,2,4,0,4
"Valentin,Jackie",1312063714,1,6,3,55,3,Area Sales Manager,AZ,85006,05/23/91,F,Married,US Citizen,N/A - still employed,Active,Sales,John Smith,17,Other,Fully Meets,2.81,3,0,0
"Villanueva, Noah",1111030503,1,6,3,,3,Area Sales Manager,ME,4063,07-11-1989,M ,Single,US Citizen,N/A - still employed,Active,Sales,John Smith,17,Website Banner Ads,Fully Meets,1.77,,0,0
"Buck, Edward",1504073313,1,6,3,55,3,Area Sales Manager,MA,2330,07-07-1975,,Married,,N/A - still employed,Active,Sales,Lynn Daneault,21,Employee Referral,Fully Meets,,,0,0
"Costa, Latia",1409070567,1,6,4,55,3,Area Sales Manager,CA,90007,11-08-1988,,Single,US Citizen,N/A - still employed,Active,Sales,Lynn Daneault,21,Other,Exceeds,4.77,5,0,0
"Fraval, Maruk ",1411071302,1,6,3,55,3,Area Sales Manager,CT,6050,08/28/63,M ,Single,US Citizen,N/A - still employed,Active,Sales,Lynn Daneault,21,Monster.com,Fully Meets,1.64,3,0,0
"Givens, Myriam",1203032099,1,6,3,55,3,Area Sales Manager,IN,46204,09/22/89,,Single,US Citizen,N/A - still employed,Active,Sales,Lynn Daneault,21,Pay Per Click - Google,Fully Meets,1.72,5,0,0
Jeremy Prater,1001084890,1,6,1,,3,Area Sales Manager,NV,89139,05-09-1974,M ,Married,US Citizen,N/A - still employed,Active,Sales,Lynn Daneault,21,Website Banner Ads,PIP,1.81,2,0,0
"Khemmich, Bartholemew",1104025008,1,6,3,55,3,Area Sales Manager,CO,80820,11/27/79,M ,Single,US Citizen,N/A - still employed,Active,Sales,Lynn Daneault,21,Pay Per Click - Google,Fully Meets,2.19,5,0,0
"Martins, Joseph",1209048771,1,6,3,56,3,Area Sales Manager,TX,78207,06-11-1970,M ,Single,Eligible NonCitizen,N/A - still employed,Active,Sales,Lynn Daneault,21,Employee Referral,Fully Meets,2.94,,0,2
"McKinzie, Jac",1209049326,2,6,3,55,3,Area Sales Manager,TX,78789,07-01-1984,M ,Married,US Citizen,N/A - Has not started yet,Future Start,Sales,Lynn Daneault,21,Website Banner Ads,Fully Meets,2.91,4,0,0
"Nguyen, Dheepa",1111030684,1,6,3,55,3,Area Sales Manager,GA,30428,03/31/89,F,Single,US Citizen,N/A - still employed,Active,Sales,Lynn Daneault,21,,Fully Meets,,5,0,0
"Onque, Jasmine",1501072180,1,6,3,57,3,Area Sales Manager,FL,33174,05-11-1990,F,Single,US Citizen,N/A - still employed,Active,Sales,Lynn Daneault,21,Pay Per Click - Google,Fully Meets,4.28,3,0,0
"Potts, Xana",1102024106,1,6,3,,3,Area Sales Manager,KY,40220,08/29/88,,Married,US Citizen,N/A - still employed,Active,Sales,Lynn Daneault,21,Website Banner Ads,Fully Meets,4.2,5,0,0
"Riordan, Michael",1502072711,1,6,4,55,3,Area Sales Manager,ND,58782,01/15/68,M ,Separated,,N/A - still employed,Active,Sales,Lynn Daneault,21,Billboard,Exceeds,4.1,3,0,0
"Terry, Sharlene ",1401064637,1,6,3,55,3,Area Sales Manager,OR,97756,05-07-1965,F,Single,US Citizen,N/A - still employed,Active,Sales,Lynn Daneault,21,Monster.com,Fully Meets,3.69,3,0,0
"Rachael, Maggie",1009919940,1,3,3,45,4,BI Developer,MA,2110,05-12-1980,F,Married,US Citizen,N/A - still employed,Active,IT/IS,Brian Champaigne,13,Indeed,Fully Meets,2.02,,6,0
"Smith, Jason",1009919980,1,3,3,46,4,BI Developer,MA,2045,09-04-1983,M ,Single,US Citizen,N/A - still employed,Active,IT/IS,Brian Champaigne,13,Indeed,Fully Meets,3.01,5,7,0
"Westinghouse, Matthew",1009919990,1,3,3,45,4,BI Developer,MA,2134,10/24/87,M ,Married,US Citizen,N/A - still employed,Active,IT/IS,Brian Champaigne,13,Indeed,Fully Meets,1.82,3,6,0
"Hubert, Robert",1009920000,1,3,3,45,4,BI Developer,MA,2134,06/30/89,M ,Married,US Citizen,N/A - still employed,Active,IT/IS,Brian Champaigne,13,Indeed,Fully Meets,2.06,5,5,0
"Champaigne, Brian",1009919920,1,3,3,,5,BI Director,MA,2045,02-09-1972,M ,Married,US Citizen,N/A - still employed,Active,IT/IS,Jennifer Zamora,5,Professional Society,Fully Meets,4.5,5,7,0
"Zamora, Jennifer",1112030816,1,3,4,65,6,CIO,MA,2067,08/30/79,F,Single,US Citizen,N/A - still employed,Active,IT/IS,Janet King,2,Employee Referral,Exceeds,,,6,4
"Roper, Katie",1009919950,1,3,3,55,7,Data Architect,MA,2056,11/21/72,F,Single,US Citizen,N/A - still employed,Active,IT/IS,Brian Champaigne,13,Indeed,Fully Meets,4.94,3,5,0
"Becker, Renee",1102024056,4,3,3,43,8,Database Administrator,MA,2026,04-04-1986,F,Single,,performance,Terminated for Cause,IT/IS,Simon Roup,4,,Fully Meets,1.87,4,5,
"Goble, Taisha",905013738,4,3,3,48.5,8,Database Administrator,MA,2127,10/23/71,,Single,US Citizen,"no-call, no-show",Terminated for Cause,IT/IS,Simon Roup,4,Glassdoor,Fully Meets,1.87,4,4,
"Hernandez, Daniff",1410071156,4,3,3,40.1,8,Database Administrator,MA,1960,08-07-1986,M ,Married,US Citizen,"no-call, no-show",Terminated for Cause,IT/IS,Simon Roup,4,Employee Referral,Fully Meets,4.33,,7,
"Horton, Jayne",1105025718,1,3,3,,8,Database Administrator,MA,2493,02/21/84,F,Single,US Citizen,N/A - still employed,Active,IT/IS,Simon Roup,4,Glassdoor,Fully Meets,4.48,5,6,0
"Johnson, Noelle ",1003018246,3,3,3,40,8,Database Administrator,MA,2301,11-07-1986,F,Married,US Citizen,N/A - still employed,Leave of Absence,IT/IS,Simon Roup,4,Glassdoor,Fully Meets,3.75,3,5,0
"Murray, Thomas",1406068403,1,3,4,35.5,9,Data Analyst,TX,78230,07-04-1988,M ,Divorced,US Citizen,N/A - still employed,Active,IT/IS,Simon Roup,4,Diversity Job Fair,Exceeds,4.28,,5,0
"Pearson, Randall",1102023965,5,3,3,41,9,Data Analyst,MA,2747,09-05-1984,M ,Married,US Citizen,performance,Voluntarily Terminated,IT/IS,Simon Roup,4,Employee Referral,Fully Meets,,4,5,
"Petrowsky, Thelma",1108027853,1,3,4,42.75,9,Data Analyst,MA,1886,09/16/84,F,Married,US Citizen,N/A - still employed,Active,IT/IS,Simon Roup,4,Employee Referral,Exceeds,3.71,5,7,0
"Roby, Lori ",1407068885,1,3,3,39.55,9,Data Analyst,MA,1886,10-11-1981,F,Married,US Citizen,N/A - still employed,Active,IT/IS,Simon Roup,4,Employee Referral,Fully Meets,3.69,5,6,3
"Rogers, Ivan",1203032255,1,3,3,,9,Data Analyst,MA,1810,08/26/86,M ,Married,,N/A - still employed,Active,IT/IS,Simon Roup,4,Pay Per Click - Google,Fully Meets,3.04,3,6,0
"Salter, Jason",1111030148,5,3,3,45,9,Data Analyst ,MA,2452,12/17/87,M ,Divorced,US Citizen,hours,Voluntarily Terminated,IT/IS,Simon Roup,4,,Fully Meets,2.19,3,5,
"Simard, Kramer",808010278,1,3,3,30.2,9,Data Analyst,MA,2110,02-08-1970,M ,Married,US Citizen,N/A - still employed,Active,IT/IS,Simon Roup,4,Employee Referral,Fully Meets,3.32,3,7,0
"Zhou, Julia",1110029732,1,3,3,31.4,9,Data Analyst,MA,2148,02/24/79,F,Single,US Citizen,N/A - still employed,Active,IT/IS,Simon Roup,4,Employee Referral,Fully Meets,5,3,5,0
"Bramante, Elisa",1006020066,1,5,4,,10,Director of Operations,MA,2030,03/19/83,,Single,US Citizen,N/A - still employed,Active,Production       ,Janet King,2,Other,Exceeds,3.02,,0,0
"Houlihan, Debra",1009021646,1,6,3,,11,Director of Sales,RI,2908,03/17/66,F,Married,US Citizen,N/A - still employed,Active,Sales,Janet King,2,MBTA ads,Fully Meets,1.22,4,0,0
"Foss, Jason",1192991000,1,3,4,,12,IT Director,MA,1460,07-05-1980,M ,Single,US Citizen,N/A - still employed,Active,IT/IS,Jennifer Zamora,5,Professional Society,Exceeds,3.76,5,5,0
"Roup,Simon",1106026933,1,3,3,62,13,IT Manager - DB,MA,2481,04-05-1973,M ,Single,US Citizen,N/A - still employed,Active,IT/IS,Jennifer Zamora,5,Professional Society,Fully Meets,2.96,5,7,5
"Ruiz, Ricardo",1001175250,5,3,3,21,13,IT Manager - DB,MA,1915,01-04-1964,M ,Divorced,US Citizen,hours,Voluntarily Terminated,IT/IS,Jennifer Zamora,5,Diversity Job Fair,Fully Meets,,4,6,
"Monroe, Peter",1011022863,1,3,2,63,13,IT Manager - Infra,MA,2134,10-05-1986,M ,Married,Eligible NonCitizen,N/A - still employed,Active,IT/IS,Jennifer Zamora,5,Diversity Job Fair,Needs Improvement,2.39,3,6,0
"Dougall, Eric",1101023754,1,3,4,64,13,IT Manager - Support,MA,1886,07-09-1970,M ,Single,,N/A - still employed,Active,IT/IS,Jennifer Zamora,5,Professional Society,Exceeds,1.99,,5,0
"Clayton, Rick",1301052902,1,3,3,28.99,14,IT Support,MA,2170,09-05-1985,M ,Single,,N/A - still employed,Active,IT/IS,Eric Dougall,6,Glassdoor,Fully Meets,2.55,3,6,0
"Galia, Lisa",1501072093,1,3,3,31.4,14,IT Support,CT,6040,07-06-1968,,Single,US Citizen,N/A - still employed,Active,IT/IS,Eric Dougall,6,Vendor Referral,Fully Meets,1.21,4,5,0
"Lindsay, Leonara ",602000312,1,3,4,26,14,IT Support,CT,6070,10-05-1988,F,Single,US Citizen,N/A - still employed,Active,IT/IS,Eric Dougall,6,Diversity Job Fair,Exceeds,4.64,4,5,0
"Soto, Julia ",1203032263,1,3,3,,14,IT Support,MA,2360,03-12-1973,F,Married,US Citizen,N/A - still employed,Active,IT/IS,Eric Dougall,6,,Fully Meets,4.3,3,5,0
"Bacong, Alejandro ",1212052023,1,3,3,45,14,IT Support,MA,1886,01-07-1988,M ,Divorced,US Citizen,N/A - still employed,Active,IT/IS,Peter Monroe,7,Glassdoor,Fully Meets,1.84,5,6,0
"Cisco, Anthony",1102024173,1,3,3,42,14,IT Support,MA,2135,11/24/89,M ,Married,US Citizen,N/A - still employed,Active,IT/IS,Peter Monroe,7,Information Session,Fully Meets,2.21,5,7,0
"Dolan, Linda",1101023540,1,3,3,37,14,IT Support,MA,2119,07/18/88,F,Married,US Citizen,N/A - still employed,Active,IT/IS,Peter Monroe,7,Employee Referral,Fully Meets,4.11,4,6,0
"Gonzalez, Maria",1988299991,1,3,3,39,14,IT Support,MA,2472,04/16/81,F,Separated,US Citizen,N/A - still employed,Active,IT/IS,Peter Monroe,7,Employee Referral,Fully Meets,4.61,4,5,6
"Merlos, Carlos",1012023013,1,3,1,43,15,Network Engineer,MA,2138,06/18/87,,Single,,N/A - still employed,Active,IT/IS,Peter Monroe,7,Vendor Referral,PIP,,3,6,0
"Morway, Tanya",1001956578,1,3,3,27,15,Network Engineer,MA,2048,04-04-1979,F,Married,US Citizen,N/A - still employed,Active,IT/IS,Peter Monroe,7,Monster.com,Fully Meets,3.81,3,6,0
"Shepard, Anita ",906014183,1,3,3,,15,Network Engineer,MA,1773,04/14/81,F,Married,US Citizen,N/A - still employed,Active,IT/IS,Peter Monroe,7,Vendor Referral,Fully Meets,3.31,,6,0
"Tredinnick, Neville ",1104025466,5,3,3,28,15,Network Engineer,MA,1420,05-05-1988,M ,Married,US Citizen,medical issues,Voluntarily Terminated,IT/IS,Peter Monroe,7,Monster.com,Fully Meets,5,3,5,
"Turpin, Jumil",1411071506,1,3,3,49.1,15,Network Engineer,MA,2343,03/31/69,M ,Married,Eligible NonCitizen,N/A - still employed,Active,IT/IS,Peter Monroe,7,Employee Referral,Fully Meets,5,4,7,0
"King, Janet",1001495124,1,2,3,80,16,President & CEO,MA,1902,09/21/54,,Married,US Citizen,N/A - still employed,Active,Executive Office,Board of Directors,9,Pay Per Click - Google,Fully Meets,4.83,3,0,0
"Albert, Michael  ",1501072311,1,5,3,54.5,17,Production Manager,MA,2169,10-10-1968,M ,Divorced,US Citizen,N/A - still employed,Active,Production       ,Janet King,2,,Fully Meets,3.93,3,0,0
"Bozzi, Charles",1303054580,5,5,3,,18,Production Manager,MA,1901,03-10-1970,M ,Single,US Citizen,retiring,Voluntarily Terminated,Production       ,Janet King,2,Billboard,Fully Meets,3.39,3,0,
"Butler, Webster  L",1110029990,1,5,4,55,18,Production Manager,MA,2169,08-09-1983,M ,Single,US Citizen,N/A - still employed,Active,Production       ,Janet King,2,Pay Per Click - Google,Exceeds,5,3,0,0
"Dunn, Amy  ",1409070147,1,5,3,51,18,Production Manager,MA,1731,11/28/73,F,Single,US Citizen,N/A - still employed,Active,Production       ,Janet King,2,Search Engine - Google Bing Yahoo,Fully Meets,4.52,4,0,0
"Gray, Elijiah  ",1307060077,1,5,3,54,18,Production Manager,MA,1752,07-11-1981,M ,Divorced,US Citizen,N/A - still employed,Active,Production       ,Janet King,2,Employee Referral,Fully Meets,4.63,3,0,3
"Hogland, Jonathan ",1001944783,4,5,3,48.5,18,Production Manager,MA,1890,07-01-1972,M ,Married,,attendance,Terminated for Cause,Production       ,Janet King,2,Employee Referral,Fully Meets,4.78,,0,
"Immediato, Walter",1403065874,5,5,2,42,18,Production Manager,MA,2128,11/15/76,M ,Married,US Citizen,unhappy,Voluntarily Terminated,Production       ,Janet King,2,Other,Needs Improvement,,2,0,
"Liebig, Ketsia",1103024679,1,5,4,55,18,Production Manager,MA,2110,10/26/81,F,Married,US Citizen,N/A - still employed,Active,Production       ,Janet King,2,Website Banner Ads,Exceeds,3.66,3,0,0
"Miller, Brannon",1107027351,1,5,3,,18,Production Manager,MA,2045,08-10-1981,,Single,,N/A - still employed,Active,Production       ,Janet King,2,Internet Search,Fully Meets,4.37,3,0,0
"Peterson, Ebonee  ",1402065355,5,5,3,38.5,18,Production Manager,MA,2030,05-09-1977,F,Married,US Citizen,Another position,Voluntarily Terminated,Production       ,Janet King,2,,Fully Meets,4.16,5,0,
"Spirea, Kelley",1102024149,1,5,3,52,18,Production Manager,MA,2451,09/30/75,F,Married,US Citizen,N/A - still employed,Active,Production       ,Janet King,2,Vendor Referral,Fully Meets,4.83,5,0,0
"Stanley, David ",1000974650,1,5,2,53,18,Production Manager,MA,1803,12/17/75,M ,Divorced,US Citizen,N/A - still employed,Active,Production       ,Janet King,2,Monster.com,Needs Improvement,4.13,2,0,0
"Sullivan, Kissy ",1405067298,1,5,3,55,18,Production Manager,MA,1776,03/28/78,F,Married,US Citizen,N/A - still employed,Active,Production       ,Janet King,2,Billboard,Fully Meets,3.73,4,0,0
"Wallace, Courtney  E",1410071026,5,5,3,,18,Production Manager,MA,2478,11/14/55,F,Married,US Citizen,Another position,Voluntarily Terminated,Production       ,Janet King,2,Diversity Job Fair,Fully Meets,1.18,3,0,
"Anderson, Linda  ",1304055947,1,5,4,23,19,Production Technician I,MA,1844,05/22/77,F,Single,US Citizen,N/A - still employed,Active,Production       ,Amy Dunn,11,MBTA ads,Exceeds,5,5,0,0
"Bernstein, Sean",1109029366,1,5,3,,19,Production Technician I,MA,2072,12/22/70,,Single,US Citizen,N/A - still employed,Active,Production       ,Amy Dunn,11,Word of Mouth,Fully Meets,5,,0,1
"Chivukula, Enola",1101023394,5,5,3,21,19,Production Technician I,MA,1775,08/27/83,F,Single,,relocation out of area,Voluntarily Terminated,Production       ,Amy Dunn,11,Other,Fully Meets,2,4,0,
"Desimone, Carl ",1501072124,1,5,1,20,19,Production Technician I,MA,2061,04/19/67,M ,Married,US Citizen,N/A - still employed,Active,Production       ,Amy Dunn,11,Professional Society,PIP,1.12,2,0,0
"Fernandes, Nilson  ",1302053339,1,5,1,18,19,Production Technician I,MA,2132,10/18/89,M ,Married,US Citizen,N/A - still employed,Active,Production       ,Amy Dunn,11,Professional Society,PIP,1.56,5,0,0
"Girifalco, Evelyn",1204032927,1,5,4,16,19,Production Technician I,MA,2451,05-08-1980,F,Single,,N/A - still employed,Active,Production       ,Amy Dunn,11,Professional Society,Exceeds,3.39,4,0,0
"Harrison, Kara",1404066622,1,5,4,20,19,Production Technician I,MA,1886,05-02-1974,F,Married,US Citizen,N/A - still employed,Active,Production       ,Amy Dunn,11,Monster.com,Exceeds,4.76,4,0,0
"Kirill, Alexandra  ",903013071,5,5,3,24,19,Production Technician I,MA,2127,10-08-1970,F,Married,US Citizen,more money,Voluntarily Terminated,Production       ,Amy Dunn,11,Search Engine - Google Bing Yahoo,Fully Meets,,,0,
"MacLennan, Samuel",1201031032,5,5,3,15,19,Production Technician I,MA,1938,11-09-1972,M ,Widowed,US Citizen,hours,Voluntarily Terminated,Production       ,Amy Dunn,11,,Fully Meets,3.08,4,0,
"Ndzi, Horia",1204033044,5,5,3,22,19,Production Technician I,MA,2421,03/28/83,,Married,US Citizen,more money,Voluntarily Terminated,Production       ,Amy Dunn,11,Employee Referral,Fully Meets,3.18,3,0,
"Perry, Shakira",1109029186,5,5,3,22,19,Production Technician I,MA,2176,07/20/86,F,Single,US Citizen,medical issues,Voluntarily Terminated,Production       ,Amy Dunn,11,MBTA ads,Fully Meets,3.45,4,0,9
"Robinson, Alain  ",1206038000,5,5,3,,19,Production Technician I,MA,1420,01-07-1974,M ,Married,US Citizen,attendance,Voluntarily Terminated,Production       ,Amy Dunn,11,Glassdoor,Fully Meets,5,3,0,
"Shields, Seffi",1205033102,1,5,3,,19,Production Technician I,MA,2149,08/24/85,F,Married,US Citizen,N/A - still employed,Active,Production       ,Amy Dunn,11,Newspager/Magazine,Fully Meets,4.81,4,0,0
"Theamstern, Sophia",1404066739,5,5,3,20,19,Production Technician I,MA,2066,05-09-1965,F,Single,US Citizen,return to school,Voluntarily Terminated,Production       ,Amy Dunn,11,Billboard,Fully Meets,3.98,4,0,
"Wilber, Barry",1101023839,5,5,3,21,19,Production Technician I,MA,2324,09-09-1965,M ,Married,,unhappy,Voluntarily Terminated,Production       ,Amy Dunn,11,Website Banner Ads,Fully Meets,5,3,0,
"Bachiochi, Linda",1212051409,3,5,3,22,19,Production Technician I,MA,1902,02-11-1970,F,Single,US Citizen,N/A - still employed,Leave of Absence,Production       ,Brannon Miller,12,Diversity Job Fair,Fully Meets,4.46,,0,0
"Billis, Helen",1308060366,1,5,4,16,19,Production Technician I,MA,2031,09-01-1989,F,Married,,N/A - still employed,Active,Production       ,Brannon Miller,12,Professional Society,Exceeds,5,3,0,0
"Clukey, Elijian",1407069280,2,5,4,24.75,19,Production Technician I,MA,2134,08/26/80,M ,Married,US Citizen,N/A - Has not started yet,Future Start,Production       ,Brannon Miller,12,Employee Referral,Exceeds,1.97,4,0,0
"DiNocco, Lily ",1209048696,1,5,2,22,19,Production Technician I,MA,2351,12-02-1978,,Married,US Citizen,N/A - still employed,Active,Production       ,Brannon Miller,12,Pay Per Click - Google,Needs Improvement,3.88,4,0,0
"Fidelia,  Libby",1006020020,1,5,3,,19,Production Technician I,MA,2155,03/16/81,F,Married,US Citizen,N/A - still employed,Active,Production       ,Brannon Miller,12,,Fully Meets,5,5,0,0
"Gonzalez, Cayo",1411071212,1,5,4,16,19,Production Technician I,MA,2108,09/29/69,M ,Divorced,US Citizen,N/A - still employed,Active,Production       ,Brannon Miller,12,Diversity Job Fair,Exceeds,,4,0,0
"Ivey, Rose ",1408069882,1,5,3,16,19,Production Technician I,MA,1775,01/28/91,F,Single,US Citizen,N/A - still employed,Active,Production       ,Brannon Miller,12,Professional Society,Fully Meets,3.99,3,0,2
"Kretschmer, John",1311062610,1,5,3,21,19,Production Technician I,MA,1801,02-02-1980,M ,Married,US Citizen,N/A - still employed,Active,Production       ,Brannon Miller,12,Pay Per Click - Google,Fully Meets,3.38,3,0,3
"Mangal, Debbie",1308060754,1,5,3,23,19,Production Technician I,MA,2451,11-07-1974,F,Married,US Citizen,N/A - still employed,Active,Production       ,Brannon Miller,12,On-campus Recruiting,Fully Meets,1.04,3,0,4
"Ngodup, Shari ",1403066020,1,5,4,15,19,Production Technician I,MA,1810,06-03-1967,F,Separated,US Citizen,N/A - still employed,Active,Production       ,Brannon Miller,12,Diversity Job Fair,Exceeds,1.12,,0,0
"Pham, Hong",1305057440,5,5,3,18,19,Production Technician I,MA,2451,03-06-1988,M ,Married,US Citizen,more money,Voluntarily Terminated,Production       ,Brannon Miller,12,Search Engine - Google Bing Yahoo,Fully Meets,5,3,0,
"Robinson, Elias",1011022887,1,5,4,17,19,Production Technician I,MA,1730,01/28/85,M ,Widowed,US Citizen,N/A - still employed,Active,Production       ,Brannon Miller,12,Employee Referral,Exceeds,3.02,5,0,0
"Sparks, Taylor  ",1410071137,1,5,1,16,19,Production Technician I,MA,2093,07/20/68,F,Married,US Citizen,N/A - still employed,Active,Production       ,Brannon Miller,12,Billboard,PIP,4.11,2,0,0
"Tippett, Jeanette",1409070255,1,5,3,24,19,Production Technician I,MA,2093,06-05-1967,,Divorced,US Citizen,N/A - still employed,Active,Production       ,Brannon Miller,12,Billboard,Fully Meets,4.21,5,0,0
"Ybarra, Catherine ",1001268402,5,5,1,22,19,Production Technician I,MA,2458,05-04-1982,F,Single,,Another position,Voluntarily Terminated,Production       ,Brannon Miller,12,Search Engine - Google Bing Yahoo,PIP,4.29,2,0,
"Baczenski, Rachael  ",1307060083,5,5,3,17,19,Production Technician I,MA,1902,01-12-1974,F,Married,,Another position,Voluntarily Terminated,Production       ,David Stanley,14,Diversity Job Fair,Fully Meets,,4,0,
"Brill, Donna",1406068293,5,5,3,,19,Production Technician I,MA,1701,08/24/90,F,Married,US Citizen,Another position,Voluntarily Terminated,Production       ,David Stanley,14,Search Engine - Google Bing Yahoo,Fully Meets,3.35,4,0,6
"Cockel, James",1599991009,1,5,3,15,19,Production Technician I,MA,2452,09-08-1977,M ,Single,US Citizen,N/A - still employed,Active,Production       ,David Stanley,14,Employee Referral,Fully Meets,1.51,,0,5
"Dobrin, Denisa  S",1202031618,1,5,3,16.75,19,Production Technician I,MA,2125,10-07-1986,F,Single,US Citizen,N/A - still employed,Active,Production       ,David Stanley,14,Monster.com,Fully Meets,2.79,5,0,0
"Garcia, Raul",1309061015,1,5,3,19,19,Production Technician I,MA,1905,09/15/85,M ,Single,US Citizen,N/A - still employed,Active,Production       ,David Stanley,14,Employee Referral,Fully Meets,4.5,3,0,0
"Gordon, David",1106026579,1,5,3,15,19,Production Technician I,MA,2169,05/21/79,M ,Married,US Citizen,N/A - still employed,Active,Production       ,David Stanley,14,,Fully Meets,5,3,0,0
"Jackson, Maryellen",1201031438,1,5,3,20,19,Production Technician I,MA,2081,09-11-1972,F,Single,US Citizen,N/A - still employed,Active,Production       ,David Stanley,14,Newspager/Magazine,Fully Meets,2.32,3,0,0
"Langton, Enrico",1304055987,1,5,3,17,19,Production Technician I,MA,2048,12-09-1986,M ,Married,US Citizen,N/A - still employed,Active,Production       ,David Stanley,14,Newspager/Magazine,Fully Meets,5,5,0,0
"Maurice, Shana",1401064327,1,5,3,20,19,Production Technician I,MA,2330,11/22/77,F,Married,US Citizen,N/A - still employed,Active,Production       ,David Stanley,14,Other,Fully Meets,5,,0,0
"Nguyen, Lei-Ming",1203032357,1,5,3,19,19,Production Technician I,MA,2132,07-07-1984,F,Single,US Citizen,N/A - still employed,Active,Production       ,David Stanley,14,Vendor Referral,Fully Meets,2.79,5,0,0
"Pitt, Brad ",1001735072,1,5,3,17,19,Production Technician I,MA,2451,11/23/81,,Single,,N/A - still employed,Active,Production       ,David Stanley,14,Search Engine - Google Bing Yahoo,Fully Meets,3.66,3,0,4
"Rose, Ashley  ",710007555,1,5,3,17,19,Production Technician I,MA,1886,12-05-1974,F,Separated,US Citizen,N/A - still employed,Active,Production       ,David Stanley,14,Website Banner Ads,Fully Meets,5,4,0,0
"Squatrito, Kristen",1405067138,5,5,4,21,19,Production Technician I,MA,2359,03/26/73,F,Divorced,US Citizen,unhappy,Voluntarily Terminated,Production       ,David Stanley,14,MBTA ads,Exceeds,1.97,4,0,
"Trang, Mei",1012023152,1,5,2,22,19,Production Technician I,MA,2021,05/16/83,F,Single,US Citizen,N/A - still employed,Active,Production       ,David Stanley,14,Professional Society,Needs Improvement,,5,0,0
"Zima, Colleen",1211051232,1,5,3,15,19,Production Technician I,MA,1730,08/17/78,F,Widowed,US Citizen,N/A - still employed,Active,Production       ,David Stanley,14,On-campus Recruiting,Fully Meets,1.24,5,0,0
"Alagbe,Trina",1011022883,1,5,3,,19,Production Technician I,MA,1886,09/27/88,F,Married,US Citizen,N/A - still employed,Active,Production       ,Elijiah Gray,16,Billboard,Fully Meets,4.84,5,0,0
"Beatrice, Courtney ",1403066194,1,5,3,22,19,Production Technician I,MA,1915,10/27/70,F,Single,Eligible NonCitizen,N/A - still employed,Active,Production       ,Elijiah Gray,16,Search Engine - Google Bing Yahoo,Fully Meets,5,5,0,0
"Chan, Lin",1305057282,1,5,3,19.5,19,Production Technician I,MA,2170,02-12-1979,F,Single,US Citizen,N/A - still employed,Active,Production       ,Elijiah Gray,16,Internet Search,Fully Meets,2.73,4,0,0
"Darson, Jene'ya ",1001109612,1,5,3,15,19,Production Technician I,MA,2110,11-05-1978,F,Married,US Citizen,N/A - still employed,Active,Production       ,Elijiah Gray,16,,Fully Meets,5,3,0,0
"Evensen, April",1107027392,4,5,2,18,19,Production Technician I,MA,2458,05-06-1989,,Single,US Citizen,"no-call, no-show",Terminated for Cause,Production       ,Elijiah Gray,16,Word of Mouth,Needs Improvement,1.04,,0,
"Gerke, Melisa",1308060622,5,5,3,22,19,Production Technician I,MA,2330,05/15/70,,Divorced,US Citizen,hours,Voluntarily Terminated,Production       ,Elijiah Gray,16,Diversity Job Fair,Fully Meets,4.24,4,0,
"Harrell, Ludwick",1406068241,1,5,3,21,19,Production Technician I,MA,1776,09-02-1982,M ,Married,,N/A - still employed,Active,Production       ,Elijiah Gray,16,Search Engine - Google Bing Yahoo,Fully Meets,,3,0,0
"Jung, Judy  ",1107027450,5,5,3,21,19,Production Technician I,MA,2446,04/17/86,F,Married,US Citizen,unhappy,Voluntarily Terminated,Production       ,Elijiah Gray,16,Monster.com,Fully Meets,4,4,0,7
"Lydon, Allison",1101023353,3,5,3,20,19,Production Technician I,MA,2122,10/22/75,F,Married,US Citizen,N/A - still employed,Leave of Absence,Production       ,Elijiah Gray,16,Website Banner Ads,Fully Meets,5,3,0,0
"Motlagh,  Dawn",1102024121,1,5,3,15,19,Production Technician I,MA,2453,07-07-1984,F,Divorced,US Citizen,N/A - still employed,Active,Production       ,Elijiah Gray,16,MBTA ads,Fully Meets,1.76,4,0,0
"Panjwani, Nina",1109029531,5,5,3,,19,Production Technician I,MA,2351,05-01-1979,F,Married,US Citizen,Another position,Voluntarily Terminated,Production       ,Elijiah Gray,16,Social Networks - Facebook Twitter etc,Fully Meets,3.89,4,0,
"Rhoads, Thomas",1211050793,5,5,3,20,19,Production Technician I,MA,2176,07/22/82,,Divorced,US Citizen,retiring,Voluntarily Terminated,Production       ,Elijiah Gray,16,Professional Society,Fully Meets,5,4,0,
"Sander, Kamrin",1302053362,1,5,3,21,19,Production Technician I,MA,2154,07-10-1988,F,Married,US Citizen,N/A - still employed,Active,Production       ,Elijiah Gray,16,On-campus Recruiting,Fully Meets,3.51,3,0,0
"Sutwell, Barbara",1407069061,1,5,3,14,19,Production Technician I,MA,2718,08/15/68,F,Single,Eligible NonCitizen,N/A - still employed,Active,Production       ,Elijiah Gray,16,Glassdoor,Fully Meets,2.77,5,0,0
"Wallace, Theresa",1101023619,5,5,2,15,19,Production Technician I,MA,1887,08-02-1980,F,Single,US Citizen,career change,Voluntarily Terminated,Production       ,Elijiah Gray,16,Monster.com,Needs Improvement,1.27,,0,
"Barone, Francesco  A",1101023679,1,5,3,16.76,19,Production Technician I,MA,1810,07/20/83,M ,Single,US Citizen,N/A - still employed,Active,Production       ,Kelley Spirea,18,Social Networks - Facebook Twitter etc,Fully Meets,1.41,4,0,0
"Carey, Michael  ",1311063114,1,5,3,20,19,Production Technician I,MA,1701,02-02-1983,M ,Single,US Citizen,N/A - still employed,Active,Production       ,Kelley Spirea,18,MBTA ads,Fully Meets,4.43,3,0,0
"Cornett, Lisa ",1403066069,1,5,3,15.75,19,Production Technician I,MA,2189,03/31/77,F,Married,US Citizen,N/A - still employed,Active,Production       ,Kelley Spirea,18,Billboard,Fully Meets,4.73,5,0,0
"Engdahl, Jean",1007020403,1,5,3,21.25,19,Production Technician I,MA,2026,05/31/74,M ,Single,US Citizen,N/A - still employed,Active,Production       ,Kelley Spirea,18,,Fully Meets,1.86,5,0,0
"England, Rex",1101023612,1,5,3,,19,Production Technician I,MA,2045,08/25/78,M ,Married,,N/A - still employed,Active,Production       ,Kelley Spirea,18,Employee Referral,Fully Meets,2.05,3,0,0
"Gaul, Barbara",1105026041,1,5,3,24,19,Production Technician I,MA,2121,12-02-1983,F,Single,US Citizen,N/A - still employed,Active,Production       ,Kelley Spirea,18,MBTA ads,Fully Meets,,4,0,0
"Gross, Paula",1103024859,5,5,3,14,19,Production Technician I,MA,2176,05/21/83,F,Divorced,US Citizen,more money,Voluntarily Terminated,Production       ,Kelley Spirea,18,Monster.com,Fully Meets,5,5,0,
"Jhaveri, Sneha  ",1412071713,1,5,3,19,19,Production Technician I,MA,2109,04/13/64,F,Separated,US Citizen,N/A - still employed,Active,Production       ,Kelley Spirea,18,On-campus Recruiting,Fully Meets,5,,0,2
"LeBel, Jonathan  R",1107027575,4,5,3,15,19,Production Technician I,MA,2050,10/18/81,M ,Single,US Citizen,attendance,Terminated for Cause,Production       ,Kelley Spirea,18,Social Networks - Facebook Twitter etc,Fully Meets,5,4,0,
"Meads, Elizabeth",1409070245,5,5,3,14,19,Production Technician I,MA,1760,05/30/68,F,Single,US Citizen,Another position,Voluntarily Terminated,Production       ,Kelley Spirea,18,Diversity Job Fair,Fully Meets,4.18,4,0,
"Osturnka, Adeel",1404066949,1,5,4,16,19,Production Technician I,MA,2478,12-11-1976,,Married,US Citizen,N/A - still employed,Active,Production       ,Kelley Spirea,18,On-campus Recruiting,Exceeds,2.86,3,0,0
"Punjabhi, Louis  ",1401064562,1,5,3,16,19,Production Technician I,MA,2109,06/19/61,M ,Single,US Citizen,N/A - still employed,Active,Production       ,Kelley Spirea,18,Employee Referral,Fully Meets,2.45,3,0,0
"Saar-Beckles, Melinda",1410070998,2,5,2,20,19,Production Technician I,MA,1801,06-06-1968,F,Single,US Citizen,N/A - Has not started yet,Future Start,Production       ,Kelley Spirea,18,Diversity Job Fair,Needs Improvement,1.12,4,0,0
"Stoica, Rick",1106026896,1,5,3,22,19,Production Technician I,MA,2301,03/14/85,M ,Married,US Citizen,N/A - still employed,Active,Production       ,Kelley Spirea,18,On-campus Recruiting,Fully Meets,1.39,3,0,0
"Volk, Colleen",1011022814,4,5,4,21,19,Production Technician I,MA,2747,06-03-1986,F,Married,US Citizen,gross misconduct,Terminated for Cause,Production       ,Kelley Spirea,18,Social Networks - Facebook Twitter etc,Exceeds,2.79,,0,
"Athwal, Sam",1301052124,1,5,3,22,19,Production Technician I,MA,2199,02/18/83,M ,Widowed,US Citizen,N/A - still employed,Active,Production       ,Ketsia Liebig,19,Employee Referral,Fully Meets,,,0,5
"Biden, Lowan  M",1412071844,1,5,3,,19,Production Technician I,MA,2027,12/27/58,F,Divorced,US Citizen,N/A - still employed,Active,Production       ,Ketsia Liebig,19,Billboard,Fully Meets,2.39,,0,0
"Cierpiszewski, Caroline  ",1012023295,1,5,3,22,19,Production Technician I,MA,2044,05/31/88,F,Single,Non-Citizen,N/A - still employed,Active,Production       ,Ketsia Liebig,19,Pay Per Click - Google,Fully Meets,3.58,5,0,0
"Dickinson, Geoff ",706006285,1,5,3,21,19,Production Technician I,MA,2180,11/15/82,M ,Single,,N/A - still employed,Active,Production       ,Ketsia Liebig,19,,Fully Meets,1.13,4,0,0
"Ferreira, Violeta",803009012,1,5,3,23,19,Production Technician I,MA,2176,06-10-1986,F,Single,US Citizen,N/A - still employed,Active,Production       ,Ketsia Liebig,19,Newspager/Magazine,Fully Meets,1.85,4,0,4
"Gold, Shenice  ",1408069539,1,5,3,17,19,Production Technician I,MA,2451,06/18/92,F,Single,US Citizen,N/A - still employed,Active,Production       ,Ketsia Liebig,19,Glassdoor,Fully Meets,1.94,5,0,0
"Heitzman, Anthony",1002017900,1,5,3,19,19,Production Technician I,MA,2149,01-04-1984,M ,Single,US Citizen,N/A - still employed,Active,Production       ,Ketsia Liebig,19,Social Networks - Facebook Twitter etc,Fully Meets,4.17,4,0,0
"Knapp, Bradley  J",1304055683,1,5,3,14,19,Production Technician I,MA,1721,11-10-1977,M ,Single,US Citizen,N/A - still employed,Active,Production       ,Ketsia Liebig,19,On-campus Recruiting,Fully Meets,2.79,3,0,0
"Mahoney, Lauren  ",1209049259,1,5,3,17,19,Production Technician I,MA,2189,07-07-1986,F,Single,US Citizen,N/A - still employed,Active,Production       ,Ketsia Liebig,19,Newspager/Magazine,Fully Meets,,4,0,0
"Newman, Richard ",1302053044,3,5,3,21,19,Production Technician I,MA,2136,04-08-1977,M ,Married,US Citizen,N/A - still employed,Leave of Absence,Production       ,Ketsia Liebig,19,On-campus Recruiting,Fully Meets,5,5,0,0
"Peterson, Kayla ",1307059944,1,5,3,17,19,Production Technician I,MA,1749,09/23/73,F,Married,US Citizen,N/A - still employed,Active,Production       ,Ketsia Liebig,19,Search Engine - Google Bing Yahoo,Fully Meets,2.72,,0,0
"Robinson, Cherly",1403065625,4,5,2,,19,Production Technician I,MA,1460,01-07-1985,F,Married,US Citizen,attendance,Terminated for Cause,Production       ,Ketsia Liebig,19,Glassdoor,Needs Improvement,3.6,3,0,
"Smith, Sade",1501071909,1,5,3,24.5,19,Production Technician I,MA,2130,02-02-1965,F,Single,US Citizen,N/A - still employed,Active,Production       ,Ketsia Liebig,19,Employee Referral,Fully Meets,3.73,3,0,0
"Tinto, Theresa  ",1103024504,5,5,3,20,19,Production Technician I,MA,1876,07/30/83,F,Divorced,US Citizen,Another position,Voluntarily Terminated,Production       ,Ketsia Liebig,19,Social Networks - Facebook Twitter etc,Fully Meets,2.81,5,0,
"Williams, Jacquelyn  ",1308060671,5,5,3,16,19,Production Technician I,MA,2109,10-02-1969,,Single,US Citizen,relocation out of area,Voluntarily Terminated,Production       ,Ketsia Liebig,19,Diversity Job Fair,Fully Meets,1.44,4,0,
"Barbara, Thomas",1312063507,5,5,3,22,19,Production Technician I,MA,2062,02/21/74,M ,Married,,unhappy,Voluntarily Terminated,Production       ,Kissy Sullivan,20,Diversity Job Fair,Fully Meets,1.98,,0,
"Bugali, Josephine ",1408069635,3,5,3,20,19,Production Technician I,MA,2043,10/30/69,F,Separated,US Citizen,N/A - still employed,Leave of Absence,Production       ,Kissy Sullivan,20,Diversity Job Fair,Fully Meets,2.83,5,0,3
"Cole, Spencer",1001450968,4,5,2,15,19,Production Technician I,MA,1880,08-12-1979,M ,Single,US Citizen,performance,Terminated for Cause,Production       ,Kissy Sullivan,20,,Needs Improvement,1.42,3,0,
"Eaton, Marianne",1406067865,5,5,3,17,19,Production Technician I,MA,2343,09-05-1991,F,Married,US Citizen,military,Voluntarily Terminated,Production       ,Kissy Sullivan,20,Search Engine - Google Bing Yahoo,Fully Meets,5,3,0,
"Garneau, Hamish",1104025414,1,5,3,18,19,Production Technician I,MA,1550,04/18/80,M ,Single,US Citizen,N/A - still employed,Active,Production       ,Kissy Sullivan,20,Professional Society,Fully Meets,,4,0,0
"Goyal, Roxana",1312063675,3,5,3,,19,Production Technician I,MA,1864,10-09-1974,F,Married,US Citizen,N/A - still employed,Leave of Absence,Production       ,Kissy Sullivan,20,On-campus Recruiting,Fully Meets,1.71,,0,0
"Jacobi, Hannah  ",1503072857,1,5,3,21,19,Production Technician I,MA,1778,03/22/66,F,Divorced,US Citizen,N/A - still employed,Active,Production       ,Kissy Sullivan,20,Employee Referral,Fully Meets,2.05,5,0,0
"Leach, Dallas",1408069409,5,5,3,19,19,Production Technician I,MA,1810,01/17/79,F,Single,US Citizen,return to school,Voluntarily Terminated,Production       ,Kissy Sullivan,20,Monster.com,Fully Meets,4.88,3,0,
"Mckenna, Sandy",909015167,1,5,3,24,19,Production Technician I,MA,2184,01-07-1987,F,Married,US Citizen,N/A - still employed,Active,Production       ,Kissy Sullivan,20,Monster.com,Fully Meets,3.93,3,0,0
"O'hare, Lynn",1206044851,4,5,1,18.5,19,Production Technician I,MA,2152,09/30/80,F,Single,,performance,Terminated for Cause,Production       ,Kissy Sullivan,20,Professional Society,PIP,3.09,2,0,
"Power, Morissa",1102024274,5,5,3,19,19,Production Technician I,MA,1742,10/15/84,F,Divorced,Eligible NonCitizen,Another position,Voluntarily Terminated,Production       ,Kissy Sullivan,20,Social Networks - Facebook Twitter etc,Fully Meets,3.17,,0,
"Purinton, Janine",1011022926,5,5,3,16,19,Production Technician I,MA,2474,09/22/70,F,Divorced,US Citizen,unhappy,Voluntarily Terminated,Production       ,Kissy Sullivan,20,Billboard,Fully Meets,1.5,5,0,
"Rossetti, Bruno",1405067492,5,5,3,18,19,Production Technician I,MA,2155,03/18/87,M ,Single,US Citizen,Another position,Voluntarily Terminated,Production       ,Kissy Sullivan,20,Search Engine - Google Bing Yahoo,Fully Meets,5,5,0,
"Stanford,Barbara  M",1111030244,1,5,3,14,19,Production Technician I,MA,2050,08/25/82,,Divorced,US Citizen,N/A - still employed,Active,Production       ,Kissy Sullivan,20,Word of Mouth,Fully Meets,1.05,4,0,5
"Veera, Abdellah ",1203032235,5,5,4,19,19,Production Technician I,MA,2171,01/31/87,M ,Divorced,US Citizen,maternity leave - did not return,Voluntarily Terminated,Production       ,Kissy Sullivan,20,Information Session,Exceeds,3.84,5,0,
"Adinolfi, Wilson  K",1409070522,1,5,4,20,19,Production Technician I,MA,1960,07-10-1983,M ,Single,US Citizen,N/A - still employed,Active,Production       ,Michael Albert,22,MBTA ads,Exceeds,,5,0,0
"Barton, Nader",1212051962,5,5,3,18,19,Production Technician I,MA,2747,07/15/77,M ,Divorced,US Citizen,Another position,Voluntarily Terminated,Production       ,Michael Albert,22,,Fully Meets,5,5,0,
"Chace, Beatrice ",1208048062,1,5,3,,19,Production Technician I,MA,2763,01-02-1951,F,Single,US Citizen,N/A - still employed,Active,Production       ,Michael Albert,22,Search Engine - Google Bing Yahoo,Fully Meets,5,4,0,0
"Crimmings,   Jean",1311063172,2,5,3,19.75,19,Production Technician I,MA,1821,04-10-1987,F,Single,US Citizen,N/A - Has not started yet,Future Start,Production       ,Michael Albert,22,Newspager/Magazine,Fully Meets,4.12,5,0,0
"Estremera, Miguel",1104025243,4,5,2,17,19,Production Technician I,MA,2129,09-02-1983,M ,Single,US Citizen,attendance,Terminated for Cause,Production       ,Michael Albert,22,Word of Mouth,Needs Improvement,5,4,0,
"Gentry, Mildred",1501072192,1,5,3,19,19,Production Technician I,MA,2145,10-01-1990,F,Married,US Citizen,N/A - still employed,Active,Production       ,Michael Albert,22,Professional Society,Fully Meets,3.73,3,0,0
"Handschiegl, Joanne",1405067064,1,5,3,24,19,Production Technician I,MA,2127,03/23/77,F,Married,US Citizen,N/A - still employed,Active,Production       ,Michael Albert,22,Word of Mouth,Fully Meets,4.2,4,0,3
"Johnson, George",1105025721,5,5,4,17,19,Production Technician I,MA,2445,08/19/59,M ,Married,,more money,Voluntarily Terminated,Production       ,Michael Albert,22,Monster.com,Exceeds,1.65,4,0,
"Keatts, Kramer ",1301052462,1,5,3,,19,Production Technician I,MA,1887,01/19/76,M ,Single,US Citizen,N/A - still employed,Active,Production       ,Michael Albert,22,Billboard,Fully Meets,3.07,4,0,0
"Linares, Marilyn ",1206042315,5,5,3,15.25,19,Production Technician I,MA,1886,03/26/81,F,Married,US Citizen,unhappy,Voluntarily Terminated,Production       ,Michael Albert,22,Internet Search,Fully Meets,3.18,4,0,
"Medeiros, Jennifer",1109029256,1,5,3,20,19,Production Technician I,MA,2346,09/22/76,F,Single,US Citizen,N/A - still employed,Active,Production       ,Michael Albert,22,Monster.com,Fully Meets,5,4,0,0
"Owad, Clinton",1103024335,1,5,2,22,19,Production Technician I,MA,1760,11/24/79,M ,Single,US Citizen,N/A - still employed,Active,Production       ,Michael Albert,22,MBTA ads,Needs Improvement,4.25,,0,0
"Rarrick, Quinn",1208048229,5,5,3,21,19,Production Technician I,MA,2478,12/31/84,M ,Divorced,US Citizen,more money,Voluntarily Terminated,Production       ,Michael Albert,22,Pay Per Click - Google,Fully Meets,3.8,5,0,
"Sadki, Nore  ",1308060535,5,5,3,21,19,Production Technician I,MA,2148,12/21/74,M ,Single,US Citizen,relocation out of area,Voluntarily Terminated,Production       ,Michael Albert,22,Word of Mouth,Fully Meets,1.53,5,0,
"Sullivan, Timothy",1201031310,1,5,3,19,19,Production Technician I,MA,2747,10-07-1982,M ,Married,US Citizen,N/A - still employed,Active,Production       ,Michael Albert,22,Word of Mouth,Fully Meets,,5,0,0
"Von Massenbach, Anna",1106026474,2,5,3,,19,Production Technician I,MA,2124,04-06-1985,F,Single,US Citizen,N/A - Has not started yet,Future Start,Production       ,Michael Albert,22,Newspager/Magazine,Fully Meets,3.21,3,0,0
"Anderson, Carol ",1001417624,5,5,3,16,19,Production Technician I,MA,2169,09-08-1989,F,Divorced,US Citizen,return to school,Voluntarily Terminated,Production       ,Webster Butler,39,,Fully Meets,5,4,0,
"Becker, Scott",1110029777,3,5,3,17,19,Production Technician I,MA,2452,04-06-1979,M ,Single,US Citizen,N/A - still employed,Leave of Absence,Production       ,Webster Butler,,MBTA ads,Fully Meets,1.09,4,0,7
"Chang, Donovan  E",1111030129,1,5,3,22,19,Production Technician I,MA,1845,08/24/83,M ,Single,US Citizen,N/A - still employed,Active,Production       ,Webster Butler,,Newspager/Magazine,Fully Meets,3.8,5,0,0
"DeGweck,  James",1306058816,5,5,3,23.5,19,Production Technician I,MA,1810,10/31/77,,Married,US Citizen,unhappy,Voluntarily Terminated,Production       ,Webster Butler,39,Billboard,Fully Meets,5,4,0,
"Ferguson, Susan",1502072511,5,5,3,20,19,Production Technician I,MA,2176,04/14/55,,Married,,military,Voluntarily Terminated,Production       ,Webster Butler,39,Search Engine - Google Bing Yahoo,Fully Meets,3.13,,0,
"Gilles, Alex",1008020960,5,5,2,15,19,Production Technician I,MA,2062,08-09-1974,M ,Married,,military,Voluntarily Terminated,Production       ,Webster Butler,39,Diversity Job Fair,Needs Improvement,3.97,4,0,
"Harrington, Christie ",1110029602,5,5,3,19.75,19,Production Technician I,MA,2324,08/18/52,F,Single,US Citizen,retiring,Voluntarily Terminated,Production       ,Webster Butler,39,Monster.com,Fully Meets,4.64,,0,
"Kinsella, Kathleen  ",710007401,5,5,3,,19,Production Technician I,MA,2170,12-08-1973,F,Married,US Citizen,more money,Voluntarily Terminated,Production       ,Webster Butler,39,Search Engine - Google Bing Yahoo,Fully Meets,3.6,,0,
"Lynch, Lindsay",1001138521,5,5,4,19,19,Production Technician I,MA,1844,02/14/73,F,Single,US Citizen,Another position,Voluntarily Terminated,Production       ,Webster Butler,39,Diversity Job Fair,Exceeds,5,4,0,
"Ndzi, Colombui",1204033041,5,5,3,18,19,Production Technician I,MA,2110,05-02-1989,M ,Single,US Citizen,return to school,Voluntarily Terminated,Production       ,Webster Butler,39,Diversity Job Fair,Fully Meets,,3,0,
"Pelech, Emil",1307060058,5,5,2,24,19,Production Technician I,MA,2458,03/17/88,M ,Single,US Citizen,career change,Voluntarily Terminated,Production       ,Webster Butler,39,Search Engine - Google Bing Yahoo,Needs Improvement,3.54,5,0,
"Rivera, Haley  ",1405067642,1,5,4,22,19,Production Technician I,MA,2171,01-12-1973,F,Married,US Citizen,N/A - still employed,Active,Production       ,Webster Butler,,Search Engine - Google Bing Yahoo,Exceeds,4.36,5,0,0
"Sewkumar, Nori",807010161,3,5,3,,19,Production Technician I,MA,2191,03-10-1975,,Single,US Citizen,N/A - still employed,Leave of Absence,Production       ,Webster Butler,,Search Engine - Google Bing Yahoo,Fully Meets,5,5,0,3
"Tavares, Desiree  ",1405067501,5,5,3,15,19,Production Technician I,MA,1801,04-03-1975,,Married,,Another position,Voluntarily Terminated,Production       ,Webster Butler,39,,Fully Meets,2.52,5,0,
"Whittier, Scott",1307060212,5,5,3,23,19,Production Technician I,MA,2030,05/24/87,M ,Single,US Citizen,hours,Voluntarily Terminated,Production       ,Webster Butler,39,Newspager/Magazine,Fully Meets,5,5,0,
"Burke, Joelle",1011022820,1,5,3,25,20,Production Technician II,MA,2148,03-02-1980,F,Single,US Citizen,N/A - still employed,Active,Production       ,Amy Dunn,11,Employee Referral,Fully Meets,4.51,,0,0
"Fitzpatrick, Michael  J",1109029103,5,5,3,29,20,Production Technician II,MA,2143,10-01-1981,M ,Single,US Citizen,hours,Voluntarily Terminated,Production       ,Amy Dunn,11,Social Networks - Facebook Twitter etc,Fully Meets,4.76,5,0,
"Huynh, Ming",1306058509,5,5,3,23,20,Production Technician II,MA,1742,09/22/76,F,Divorced,US Citizen,unhappy,Voluntarily Terminated,Production       ,Amy Dunn,11,Search Engine - Google Bing Yahoo,Fully Meets,3.72,3,0,
"Mancuso, Karen",1304055986,5,5,3,23,20,Production Technician II,MA,2176,12-10-1986,F,Married,US Citizen,Another position,Voluntarily Terminated,Production       ,Amy Dunn,11,Newspager/Magazine,Fully Meets,5,4,0,
"Pelletier, Ermine",1202031821,5,5,2,28,20,Production Technician II,MA,2472,07/18/89,F,Married,US Citizen,unhappy,Voluntarily Terminated,Production       ,Amy Dunn,11,Monster.com,Needs Improvement,,5,0,
"Trzeciak, Cybil",1107027551,5,5,3,22,20,Production Technician II,MA,1778,03/15/85,F,Single,US Citizen,unhappy,Voluntarily Terminated,Production       ,Amy Dunn,11,Vendor Referral,Fully Meets,1.3,3,0,
"Cloninger, Jennifer",1012023226,5,5,3,25,20,Production Technician II,MA,1752,08/31/81,F,Married,US Citizen,unhappy,Voluntarily Terminated,Production       ,Brannon Miller,12,Word of Mouth,Fully Meets,1.16,5,0,
"Gonzalez, Juan",1411071324,5,5,1,29,20,Production Technician II,MA,2128,10-12-1964,M ,Married,US Citizen,career change,Voluntarily Terminated,Production       ,Brannon Miller,12,,PIP,4.35,3,0,
"Johnston, Yen",1306057810,1,5,4,25,20,Production Technician II,MA,2128,09-08-1969,,Single,US Citizen,N/A - still employed,Active,Production       ,Brannon Miller,12,Professional Society,Exceeds,1.51,3,0,0
"Miller, Ned",1205033439,5,5,1,,20,Production Technician II,MA,2472,06/29/85,M ,Single,US Citizen,unhappy,Voluntarily Terminated,Production       ,Brannon Miller,12,MBTA ads,PIP,5,,0,
"Petingill, Shana  ",1103024843,1,5,3,26,20,Production Technician II,MA,2050,03-10-1979,F,Married,Eligible NonCitizen,N/A - still employed,Active,Production       ,Brannon Miller,12,MBTA ads,Fully Meets,2.61,3,0,0
"Winthrop, Jordan  ",1405067188,5,5,4,29,20,Production Technician II,MA,2045,11-07-1958,M ,Single,,retiring,Voluntarily Terminated,Production       ,Brannon Miller,12,Professional Society,Exceeds,,,0,
"Close, Phil",1209048697,5,5,3,26,20,Production Technician II,MA,2169,11/25/78,M ,Married,US Citizen,career change,Voluntarily Terminated,Production       ,David Stanley,14,Other,Fully Meets,1.3,,0,
"Good, Susan",1001549006,3,5,3,24.25,20,Production Technician II,MA,1886,05/25/86,F,Married,US Citizen,N/A - still employed,Leave of Absence,Production       ,David Stanley,14,Professional Society,Fully Meets,2.04,3,0,0
"Langford, Lindsey",1010022030,5,5,3,22,20,Production Technician II,MA,2090,07/25/79,F,Divorced,US Citizen,Another position,Voluntarily Terminated,Production       ,David Stanley,14,Glassdoor,Fully Meets,4.52,3,0,
"Monkfish, Erasumus",1404066711,1,5,3,27,20,Production Technician II,MA,1450,08/17/92,M ,Married,US Citizen,N/A - still employed,Active,Production       ,David Stanley,14,Professional Society,Fully Meets,2.67,3,0,0
"Roberson, May",1402065340,5,5,3,26,20,Production Technician II,MA,1902,09-05-1981,F,Divorced,Eligible NonCitizen,return to school,Voluntarily Terminated,Production       ,David Stanley,14,Search Engine - Google Bing Yahoo,Fully Meets,2.19,4,0,
"Wolk, Hang  T",1205033180,1,5,3,22,20,Production Technician II,MA,2302,04/20/85,F,Single,US Citizen,N/A - still employed,Active,Production       ,David Stanley,14,Newspager/Magazine,Fully Meets,3.4,4,0,0
"Bondwell, Betsy",1008021030,5,5,3,,20,Production Technician II,MA,2210,01/16/67,,Single,US Citizen,career change,Voluntarily Terminated,Production       ,Elijiah Gray,16,Search Engine - Google Bing Yahoo,Fully Meets,1.38,5,0,
"Faller, Megan ",1108028428,1,5,3,27,20,Production Technician II,MA,1824,09/22/78,F,Married,US Citizen,N/A - still employed,Active,Production       ,Elijiah Gray,16,Professional Society,Fully Meets,1.49,5,0,0
"Hunts, Julissa",1106026433,2,5,3,25,20,Production Technician II,MA,2021,03-11-1984,F,Single,US Citizen,N/A - Has not started yet,Future Start,Production       ,Elijiah Gray,16,Vendor Referral,Fully Meets,2.92,5,0,7
"Lunquist, Lisa",1001504432,1,5,4,26.1,20,Production Technician II,MA,2324,03/28/82,F,Single,,N/A - still employed,Active,Production       ,Elijiah Gray,16,Glassdoor,Exceeds,1.64,4,0,0
"Nowlan, Kristie",1104025435,1,5,3,26.39,20,Production Technician II,MA,1040,11/23/85,F,Single,US Citizen,N/A - still employed,Active,Production       ,Elijiah Gray,16,,Fully Meets,4.53,5,0,0
"Smith, Joe",1001970770,1,5,4,22,20,Production Technician II,MA,2045,10/30/63,M ,Single,US Citizen,N/A - still employed,Active,Production       ,Elijiah Gray,16,Pay Per Click - Google,Exceeds,,,0,0
"Tejeda, Lenora ",1406068345,5,5,3,,20,Production Technician II,MA,2129,05/24/53,F,Married,US Citizen,Another position,Voluntarily Terminated,Production       ,Elijiah Gray,16,Search Engine - Google Bing Yahoo,Fully Meets,3.93,3,0,
"Beak, Kimberly  ",1303054329,2,5,4,27,20,Production Technician II,MA,2145,04/17/66,F,Married,US Citizen,N/A - Has not started yet,Future Start,Production       ,Kelley Spirea,18,Employee Referral,Exceeds,2.7,3,0,0
"Demita, Carla",1104025179,5,5,3,29,20,Production Technician II,MA,2343,02/25/51,F,Separated,US Citizen,more money,Voluntarily Terminated,Production       ,Kelley Spirea,18,Search Engine - Google Bing Yahoo,Fully Meets,4.62,5,0,
"Hankard, Earnest",1307059937,1,5,3,24,20,Production Technician II,MA,2155,08-10-1988,M ,Single,US Citizen,N/A - still employed,Active,Production       ,Kelley Spirea,18,Newspager/Magazine,Fully Meets,5,3,0,5
"Hendrickson, Trina",1011022932,5,5,3,24,20,Production Technician II,MA,2021,08/27/72,,Single,US Citizen,hours,Voluntarily Terminated,Production       ,Kelley Spirea,18,Monster.com,Fully Meets,5,3,0,
"Linden, Mathew",1405067565,3,5,3,22,20,Production Technician II,MA,1770,03/19/79,M ,Married,US Citizen,N/A - still employed,Leave of Absence,Production       ,Kelley Spirea,18,Information Session,Fully Meets,4,,0,0
"Moran, Patrick",1408069503,3,5,3,,20,Production Technician II,MA,2127,12-03-1976,M ,Single,US Citizen,N/A - still employed,Leave of Absence,Production       ,Kelley Spirea,18,Diversity Job Fair,Fully Meets,2.5,4,0,0
"Sahoo, Adil",1106026462,1,5,3,29,20,Production Technician II,MA,2062,04/26/86,M ,Married,US Citizen,N/A - still employed,Active,Production       ,Kelley Spirea,18,Monster.com,Fully Meets,,,0,0
"Burkett, Benjamin ",1301052449,1,5,3,26,20,Production Technician II,MA,1890,08/19/77,M ,Married,US Citizen,N/A - still employed,Active,Production       ,Ketsia Liebig,19,Careerbuilder,Fully Meets,3.25,5,0,0
"Foreman, Tanya",1012023204,5,5,3,24,20,Production Technician II,MA,2170,11-08-1983,F,Married,,career change,Voluntarily Terminated,Production       ,Ketsia Liebig,19,Word of Mouth,Fully Meets,,3,0,
"Jeannite, Tayana",1008020942,1,5,4,22.5,20,Production Technician II,MA,1821,11-06-1986,F,Divorced,US Citizen,N/A - still employed,Active,Production       ,Ketsia Liebig,19,MBTA ads,Exceeds,4.6,4,0,3
"McCarthy, Brigit",1406067957,1,5,3,26,20,Production Technician II,MA,2149,05/21/87,F,Single,US Citizen,N/A - still employed,Active,Production       ,Ketsia Liebig,19,Newspager/Magazine,Fully Meets,5,5,0,0
"Peters, Lauren",1411071406,5,5,4,29,20,Production Technician II,MA,1886,08/17/86,F,Married,US Citizen,more money,Voluntarily Terminated,Production       ,Ketsia Liebig,19,,Exceeds,1.79,5,0,
"Walker, Roger",1011022818,1,5,3,22,20,Production Technician II,MA,2459,02-10-1976,M ,Single,US Citizen,N/A - still employed,Active,Production       ,Ketsia Liebig,19,Employee Referral,Fully Meets,3.11,5,0,0
"Akinkuolie, Sarah",1005019209,5,5,3,29,20,Production Technician II,MA,1810,09/19/88,F,Married,US Citizen,hours,Voluntarily Terminated,Production       ,Kissy Sullivan,20,Newspager/Magazine,Fully Meets,3.02,3,0,
"Davis, Daniel",1201031274,1,5,3,,20,Production Technician II,MA,2458,09/14/79,M ,Single,,N/A - still employed,Active,Production       ,Kissy Sullivan,20,Newspager/Magazine,Fully Meets,3.96,4,0,0
"Gosciminski, Phylicia  ",1108028351,3,5,3,27,20,Production Technician II,MA,1824,12-08-1983,,Separated,US Citizen,N/A - still employed,Leave of Absence,Production       ,Kissy Sullivan,20,Word of Mouth,Fully Meets,2.57,,0,0
"Latif, Mohammed",1104025486,5,5,3,28,20,Production Technician II,MA,2126,05-09-1984,M ,Married,US Citizen,more money,Voluntarily Terminated,Production       ,Kissy Sullivan,20,Word of Mouth,Fully Meets,1.84,3,0,
"Monterro, Luisa",1001103149,1,5,4,25,20,Production Technician II,MA,2126,04/24/70,F,Single,US Citizen,N/A - still employed,Active,Production       ,Kissy Sullivan,20,Billboard,Exceeds,2.55,3,0,0
"Robertson, Peter",1499902991,5,5,3,22,20,Production Technician II,MA,2138,07-03-1972,M ,Married,US Citizen,Another position,Voluntarily Terminated,Production       ,Kissy Sullivan,20,Glassdoor,Fully Meets,,5,0,
"Woodson, Jason",1012023010,1,5,3,24.25,20,Production Technician II,MA,1810,05-11-1985,M ,Single,US Citizen,N/A - still employed,Active,Production       ,Kissy Sullivan,20,Vendor Referral,Fully Meets,4.07,4,0,4
"Blount, Dianna",1403066125,1,5,2,27,20,Production Technician II,MA,2171,09/21/90,F,Single,US Citizen,N/A - still employed,Active,Production       ,Michael Albert,22,Monster.com,Needs Improvement,1.16,3,0,0
"Erilus, Angela",1105025661,1,5,1,24,20,Production Technician II,MA,2133,08/25/89,F,Separated,US Citizen,N/A - still employed,Active,Production       ,Michael Albert,22,Pay Per Click - Google,PIP,4.59,,0,0
"Homberger, Adrienne  J",1207046956,5,5,3,28,20,Production Technician II,MA,2445,02/16/84,F,Married,,relocation out of area,Voluntarily Terminated,Production       ,Michael Albert,30,Glassdoor,Fully Meets,3.03,5,0,
"Lundy, Susan",1305056276,5,5,3,,20,Production Technician II,MA,2122,12/26/76,,Widowed,US Citizen,more money,Voluntarily Terminated,Production       ,Michael Albert,22,On-campus Recruiting,Fully Meets,4.65,,0,
"Moumanil, Maliki ",1301052436,1,5,3,29,20,Production Technician II,MA,1460,12-01-1974,M ,Separated,US Citizen,N/A - still employed,Active,Production       ,Michael Albert,22,On-campus Recruiting,Fully Meets,4.29,5,0,0
"Sloan, Constance",1012023103,5,5,3,23,20,Production Technician II,MA,1851,11/25/87,F,Single,US Citizen,maternity leave - did not return,Voluntarily Terminated,Production       ,Michael Albert,22,,Fully Meets,4.68,,0,
"Buccheri, Joseph  ",1101023457,1,5,3,22,20,Production Technician II,MA,1013,07/28/83,M ,Single,US Citizen,N/A - still employed,Active,Production       ,Webster Butler,,Word of Mouth,Fully Meets,3.19,3,0,4
"Fancett, Nicole",1402065085,1,5,3,24,20,Production Technician II,MA,2324,09/27/87,F,Single,US Citizen,N/A - still employed,Active,Production       ,Webster Butler,,Newspager/Magazine,Fully Meets,,4,0,0
"Hutter, Rosalie",1103024924,2,5,3,28,20,Production Technician II,MA,2351,05-07-1992,F,Separated,,N/A - Has not started yet,Future Start,Production       ,Webster Butler,,Other,Fully Meets,2.63,3,0,0
"Manchester, Robyn",1110029623,2,5,3,23,20,Production Technician II,MA,2324,08/25/76,F,Married,US Citizen,N/A - Has not started yet,Future Start,Production       ,Webster Butler,,Vendor Referral,Fully Meets,5,,0,0
"Oliver, Brooke ",1001856521,5,5,3,,20,Production Technician II,MA,2492,02-11-1952,,Married,US Citizen,unhappy,Voluntarily Terminated,Production       ,Webster Butler,39,Newspager/Magazine,Fully Meets,5,3,0,
"Thibaud, Kenneth",1011022777,5,5,3,23,20,Production Technician II,MA,2472,09/16/75,,Widowed,US Citizen,military,Voluntarily Terminated,Production       ,Webster Butler,39,Pay Per Click - Google,Fully Meets,1.37,4,0,
"Daneault, Lynn",1402065303,1,6,3,54,21,Sales Manager,VT,5473,04/19/90,F,Single,US Citizen,N/A - still employed,Active,Sales,Debra Houlihan,15,Pay Per Click - Google,Fully Meets,4.62,4,0,4
"Kampew, Donysha",1109029264,5,6,3,60.25,21,Sales Manager,PA,19444,11-11-1989,F,Single,US Citizen,maternity leave - did not return,Voluntarily Terminated,Sales,Debra Houlihan,15,Social Networks - Facebook Twitter etc,Fully Meets,1.9,5,0,
"Smith, John",1499902910,1,6,2,56,21,Sales Manager,MA,1886,08/16/84,M ,Divorced,,N/A - still employed,Active,Sales,Debra Houlihan,15,Diversity Job Fair,Needs Improvement,1.62,4,0,0
"Le, Binh",1009919930,1,3,3,50.25,22,Senior BI Developer,MA,1886,06/14/87,F,Single,US Citizen,N/A - still employed,Active,IT/IS,Brian Champaigne,13,,Fully Meets,2.09,5,7,0
"Navathe, Kurt",1009919960,1,3,3,52.25,22,Senior BI Developer,MA,2056,04/25/70,,Single,US Citizen,N/A - still employed,Active,IT/IS,Brian Champaigne,13,Indeed,Fully Meets,,3,6,0
"Wang, Charlie",1009919970,1,3,3,51,22,Senior BI Developer,MA,1887,07-08-1981,,Single,US Citizen,N/A - still employed,Active,IT/IS,Brian Champaigne,13,Indeed,Fully Meets,3.42,4,7,0
"LeBlanc, Brandon  R",1102024115,1,1,3,55,23,Shared Services Manager,MA,1460,06-10-1984,,Married,,N/A - still employed,Active,Admin Offices,Janet King,2,Monster.com,Fully Meets,1.95,,0,4
"Quinn, Sean",1206043417,5,1,3,55,23,Shared Services Manager,MA,2045,11-06-1984,m,Married,Eligible NonCitizen,career change,Voluntarily Terminated,Admin Offices,Janet King,2,Diversity Job Fair,Fully Meets,4.15,4,0,
"Andreola, Colby",1107027358,1,4,3,,24,Software Engineer,MA,2110,05/24/79,f,Single,US Citizen,N/A - still employed,Active,Software Engineering,Alex Sweetwater,10,Vendor Referral,Fully Meets,3.04,3,4,0
"Carabbio, Judith",1101023577,1,4,3,56,24,Software Engineer,MA,2132,04-05-1987,F,Single,US Citizen,N/A - still employed,Active,Software Engineering,Alex Sweetwater,10,Pay Per Click - Google,Fully Meets,4.96,,6,0
"Del Bosque, Keyla",1203032498,1,4,3,57.12,24,Software Engineer,MA,2176,07-05-1979,F,Single,US Citizen,N/A - still employed,Active,Software Engineering,Alex Sweetwater,10,Monster.com,Fully Meets,,5,5,0
"Exantus, Susan",1401064670,4,4,2,48.5,24,Software Engineer,MA,1749,05/15/87,F,Married,US Citizen,attendance,Terminated for Cause,Software Engineering,Alex Sweetwater,10,Billboard,Needs Improvement,2.55,5,4,
"Martin, Sandra",1303054625,1,4,3,55.51,24,Software Engineer,MA,2135,11-07-1987,F,Single,,N/A - still employed,Active,Software Engineering,Alex Sweetwater,10,,Fully Meets,1.53,5,4,4
"Patronick, Luke",1112030979,5,4,4,52.25,24,Software Engineer,MA,1844,02/20/79,m,Single,US Citizen,Another position,Voluntarily Terminated,Software Engineering,Alex Sweetwater,10,Diversity Job Fair,Exceeds,1.1,5,3,
"Saada, Adell",1012023185,1,4,3,,24,Software Engineer,MA,2132,07/24/86,F,Married,US Citizen,N/A - still employed,Active,Software Engineering,Alex Sweetwater,10,Pay Per Click - Google,Fully Meets,1.74,3,6,0
"Szabo, Andrew",1201031324,1,4,4,,24,Software Engineer,MA,2140,05-06-1983,,Single,US Citizen,N/A - still employed,Active,Software Engineering,Alex Sweetwater,10,MBTA ads,Exceeds,2.61,5,5,0
"True, Edward",1102024057,5,4,3,45.42,24,Software Engineer,MA,2451,06/14/83,M ,Single,Non-Citizen,medical issues,Voluntarily Terminated,Software Engineering,Alex Sweetwater,10,Diversity Job Fair,Fully Meets,1.11,3,4,
"Sweetwater, Alex",1001644719,1,4,3,27,25,Software Engineering Manager,MA,2184,11/22/66,M ,Single,US Citizen,N/A - still employed,Active,Software Engineering,Jennifer Zamora,5,Search Engine - Google Bing Yahoo,Fully Meets,3.84,3,5,0
"Foster-Baker, Amy",1201031308,1,1,3,34.95,26,Sr. Accountant,MA,2050,04/16/79,F,Married,US Citizen,N/A - still employed,Active,Admin Offices,Board of Directors,9,Other,Fully Meets,,,2,0
"Boutwell, Bonalyn",1307060188,1,1,3,34.95,26,Sr. Accountant,MA,2468,04-04-1987,f,Married,,N/A - still employed,Active,Admin Offices,Brandon R. LeBlanc,3,Diversity Job Fair,Fully Meets,5,4,3,3
"Ait Sidi, Karthikeyan   ",1307060199,5,3,3,,27,Sr. DBA,MA,2148,05-05-1975,M ,Married,US Citizen,career change,Voluntarily Terminated,IT/IS,Simon Roup,4,Company Intranet - Partner,Fully Meets,4.96,3,6,
"Carr, Claudia  N",1010022337,2,3,3,61.3,27,Sr. DBA,MA,1886,06-06-1986,F,Single,US Citizen,N/A - Has not started yet,Future Start,IT/IS,Simon Roup,4,Vendor Referral,Fully Meets,5,5,6,0
"Favis, Donald  ",1412071562,4,3,3,58.2,30,Enterprise Architect,CT,6033,07/30/64,,Single,US Citizen,hours,Terminated for Cause,IT/IS,Simon Roup,4,,Fully Meets,2.94,5,7,
"Roehrich, Bianca",1111030266,5,3,3,58.5,29,Principal Data Architect,MA,2703,05/27/73,f,Single,US Citizen,Another position,Voluntarily Terminated,IT/IS,Simon Roup,4,Vendor Referral,Fully Meets,3.88,,7,
"Daniele, Ann  ",1411071312,3,3,3,54.1,28,Sr. Network Engineer,CT,6033,01/18/52,F,Married,US Citizen,N/A - still employed,Leave of Absence,IT/IS,Peter Monroe,7,Vendor Referral,Fully Meets,1.55,5,8,0
"Lajiri,  Jyoti",1108028108,3,3,3,,28,Sr. Network Engineer,MA,2169,04/23/86,M ,Married,,N/A - still employed,Leave of Absence,IT/IS,Peter Monroe,7,Employee Referral,Fully Meets,4.46,5,6,0
"Semizoglou, Jeremiah  ",904013591,2,3,3,53.8,28,Sr. Network Engineer,MA,1545,02-09-1983,M ,Married,US Citizen,N/A - Has not started yet,Future Start,IT/IS,Peter Monroe,7,On-campus Recruiting,Fully Meets,3.27,4,5,0
"South, Joe",1308060959,1,3,3,53,28,Sr. Network Engineer,CT,6278,09-09-1965,,Single,US Citizen,N/A - still employed,Active,IT/IS,Peter Monroe,7,Employee Referral,Fully Meets,5,3,4,5
"Warfield, Sarah",1301052347,1,3,3,55.2,28,Sr. Network Engineer,MA,2453,05-02-1978,f,Widowed,,N/A - still employed,Active,IT/IS,Peter Monroe,7,,Fully Meets,,,8,0
